{
    "Zac" : 
    {
        "0" : 
        {
            "func" : "2.35482 * sqrt( [0] + [1] * x + [2] * x * x )",
            "params" : 
            {
                "0" : 0.43812188051872214,
                "1" : 0.00010000000000168956,
                "2" : 8.259066983783653e-08
            }
        },
        "1" : 
        {
            "func" : "2.35482 * sqrt( [0] + [1] * x + [2] * x * x )",
            "params" : 
            {
                "0" : 0.39349055124675214,
                "1" : 0.00040316908844834423,
                "2" : 5.704060767053321e-15
            }
        },
        "10" : 
        {
            "func" : "2.35482 * sqrt( [0] + [1] * x + [2] * x * x )",
            "params" : 
            {
                "0" : 1.0454275237598027,
                "1" : 0.00049235512501496603,
                "2" : 1.8778337718128313e-15
            }
        },
        "11" : 
        {
            "func" : "2.35482 * sqrt( [0] + [1] * x + [2] * x * x )",
            "params" : 
            {
                "0" : 0.25764094922513037,
                "1" : 0.00036236052604257256,
                "2" : 5.9067836676907059e-09
            }
        },
        "12" : 
        {
            "func" : "2.35482 * sqrt( [0] + [1] * x + [2] * x * x )",
            "params" : 
            {
                "0" : 0.59301540912705919,
                "1" : 0.00025458935101403489,
                "2" : 5.2331721385704515e-08
            }
        },
        "13" : 
        {
            "func" : "2.35482 * sqrt( [0] + [1] * x + [2] * x * x )",
            "params" : 
            {
                "0" : 0.65981566925351087,
                "1" : 0.00044338240983162765,
                "2" : 7.8979000429754033e-08
            }
        },
        "14" : 
        {
            "func" : "2.35482 * sqrt( [0] + [1] * x + [2] * x * x )",
            "params" : 
            {
                "0" : 0.53349073540972691,
                "1" : 0.00040713443463479725,
                "2" : 2.6861266544386811e-17
            }
        },
        "15" : 
        {
            "func" : "2.35482 * sqrt( [0] + [1] * x + [2] * x * x )",
            "params" : 
            {
                "0" : 0.75353760205123832,
                "1" : 0.00050916886308199417,
                "2" : 9.7528725095941127e-17
            }
        },
        "16" : 
        {
            "func" : "2.35482 * sqrt( [0] + [1] * x + [2] * x * x )",
            "params" : 
            {
                "0" : 1.1469176046747966,
                "1" : 0.00038006505414593395,
                "2" : 3.2333569155440502e-18
            }
        },
        "17" : 
        {
            "func" : "2.35482 * sqrt( [0] + [1] * x + [2] * x * x )",
            "params" : 
            {
                "0" : 1.1357945135712009,
                "1" : 0.0004139482292542989,
                "2" : 3.8846592609331765e-19
            }
        },
        "18" : 
        {
            "func" : "2.35482 * sqrt( [0] + [1] * x + [2] * x * x )",
            "params" : 
            {
                "0" : 0.47948184566555052,
                "1" : 0.00037687203355055865,
                "2" : 2.0999955774314573e-16
            }
        },
        "19" : 
        {
            "func" : "2.35482 * sqrt( [0] + [1] * x + [2] * x * x )",
            "params" : 
            {
                "0" : 0.2505133765858345,
                "1" : 0.00027801621364495098,
                "2" : 3.3321539957588575e-08
            }
        },
        "2" : 
        {
            "func" : "2.35482 * sqrt( [0] + [1] * x + [2] * x * x )",
            "params" : 
            {
                "0" : 0.79099408361948909,
                "1" : 0.00036854371271570962,
                "2" : 1.1540383648700469e-16
            }
        },
        "20" : 
        {
            "func" : "2.35482 * sqrt( [0] + [1] * x + [2] * x * x )",
            "params" : 
            {
                "0" : 0.353029699661914,
                "1" : 0.00037172089434432811,
                "2" : 1.6027779980896799e-08
            }
        },
        "21" : 
        {
            "func" : "2.35482 * sqrt( [0] + [1] * x + [2] * x * x )",
            "params" : 
            {
                "0" : 0.54317481410815294,
                "1" : 0.00036234066454653602,
                "2" : 5.5828375256083974e-18
            }
        },
        "22" : 
        {
            "func" : "2.35482 * sqrt( [0] + [1] * x + [2] * x * x )",
            "params" : 
            {
                "0" : 0.64019641064525779,
                "1" : 0.00037099085626989388,
                "2" : 1.1173760916527443e-16
            }
        },
        "23" : 
        {
            "func" : "2.35482 * sqrt( [0] + [1] * x + [2] * x * x )",
            "params" : 
            {
                "0" : 0.8553829941679969,
                "1" : 0.00073023445199197538,
                "2" : 1.6745911324278496e-17
            }
        },
        "24" : 
        {
            "func" : "2.35482 * sqrt( [0] + [1] * x + [2] * x * x )",
            "params" : 
            {
                "0" : 0.99957348590701178,
                "1" : 0.00038141231504048895,
                "2" : 2.1121584481420541e-17
            }
        },
        "25" : 
        {
            "func" : "2.35482 * sqrt( [0] + [1] * x + [2] * x * x )",
            "params" : 
            {
                "0" : 2.2018558661373988,
                "1" : 0.0004878467809212709,
                "2" : 5.7725824120780092e-19
            }
        },
        "26" : 
        {
            "func" : "2.35482 * sqrt( [0] + [1] * x + [2] * x * x )",
            "params" : 
            {
                "0" : 0.74190483365839399,
                "1" : 0.00043686188105525916,
                "2" : 3.1512525922039458e-18
            }
        },
        "27" : 
        {
            "func" : "2.35482 * sqrt( [0] + [1] * x + [2] * x * x )",
            "params" : 
            {
                "0" : 1.3825887075422436,
                "1" : 0.00054043766522430929,
                "2" : 1.2198074813882743e-07
            }
        },
        "28" : 
        {
            "func" : "2.35482 * sqrt( [0] + [1] * x + [2] * x * x )",
            "params" : 
            {
                "0" : 0.97210033688394892,
                "1" : 0.00080397605315926657,
                "2" : 1.1564326163338024e-17
            }
        },
        "29" : 
        {
            "func" : "2.35482 * sqrt( [0] + [1] * x + [2] * x * x )",
            "params" : 
            {
                "0" : 0.75106621071545376,
                "1" : 0.00052146440154217095,
                "2" : 3.3590963344209971e-18
            }
        },
        "3" : 
        {
            "func" : "2.35482 * sqrt( [0] + [1] * x + [2] * x * x )",
            "params" : 
            {
                "0" : 0.89360923455063834,
                "1" : 0.00035638159587927714,
                "2" : 4.0292417955481398e-09
            }
        },
        "30" : 
        {
            "func" : "2.35482 * sqrt( [0] + [1] * x + [2] * x * x )",
            "params" : 
            {
                "0" : 0.82678259120525177,
                "1" : 0.00040795548838060895,
                "2" : 2.8943514251977834e-21
            }
        },
        "31" : 
        {
            "func" : "2.35482 * sqrt( [0] + [1] * x + [2] * x * x )",
            "params" : 
            {
                "0" : 0.33800991765121102,
                "1" : 0.00048625275968387511,
                "2" : 2.9891549901961412e-16
            }
        },
        "32" : 
        {
            "func" : "2.35482 * sqrt( [0] + [1] * x + [2] * x * x )",
            "params" : 
            {
                "0" : 0.33882735162999444,
                "1" : 0.00059193084891691339,
                "2" : 1.665130267003434e-16
            }
        },